{
  "version": "v4",
  "repo": "borisyankov/DefinitelyTyped",
  "ref": "master",
  "path": "typings",
  "bundle": "typings/tsd.d.ts",
  "installed": {
    "react/react.d.ts": {
      "commit": "310c247694d7f31bd2e3198f71c55221f7c3a3c7"
    },
    "node/node.d.ts": {
      "commit": "310c247694d7f31bd2e3198f71c55221f7c3a3c7"
    },
    "serve-static/serve-static.d.ts": {
      "commit": "310c247694d7f31bd2e3198f71c55221f7c3a3c7"
    },
    "mime/mime.d.ts": {
      "commit": "310c247694d7f31bd2e3198f71c55221f7c3a3c7"
    },
    "express/express.d.ts": {
      "commit": "310c247694d7f31bd2e3198f71c55221f7c3a3c7"
    },
    "react-router/react-router.d.ts": {
      "commit": "310c247694d7f31bd2e3198f71c55221f7c3a3c7"
    },
    "react/react-dom.d.ts": {
      "commit": "310c247694d7f31bd2e3198f71c55221f7c3a3c7"
    },
    "react-router/history.d.ts": {
      "commit": "310c247694d7f31bd2e3198f71c55221f7c3a3c7"
    },
    "express-serve-static-core/express-serve-static-core.d.ts": {
      "commit": "310c247694d7f31bd2e3198f71c55221f7c3a3c7"
    },
    "react-router/react-router-1.0.0.d.ts": {
      "commit": "ca97700515afec46ae31801d4811326965912435"
    },
    "node/node-0.12.d.ts": {
      "commit": "ca97700515afec46ae31801d4811326965912435"
    }
  }
}
