{
  "name": "react-tsx-starter",
  "globalDependencies": {
    "react": "github:DefinitelyTyped/DefinitelyTyped/react/react.d.ts#310c247694d7f31bd2e3198f71c55221f7c3a3c7",
    "node": "github:DefinitelyTyped/DefinitelyTyped/node/node.d.ts#310c247694d7f31bd2e3198f71c55221f7c3a3c7",
    "serve-static": "github:DefinitelyTyped/DefinitelyTyped/serve-static/serve-static.d.ts#310c247694d7f31bd2e3198f71c55221f7c3a3c7",
    "mime": "github:DefinitelyTyped/DefinitelyTyped/mime/mime.d.ts#310c247694d7f31bd2e3198f71c55221f7c3a3c7",
    "express": "github:DefinitelyTyped/DefinitelyTyped/express/express.d.ts#310c247694d7f31bd2e3198f71c55221f7c3a3c7",
    "react-router": "github:DefinitelyTyped/DefinitelyTyped/react-router/react-router.d.ts#310c247694d7f31bd2e3198f71c55221f7c3a3c7",
    "react-dom": "github:DefinitelyTyped/DefinitelyTyped/react/react-dom.d.ts#310c247694d7f31bd2e3198f71c55221f7c3a3c7",
    "history": "github:DefinitelyTyped/DefinitelyTyped/react-router/history.d.ts#310c247694d7f31bd2e3198f71c55221f7c3a3c7",
    "express-serve-static-core": "github:DefinitelyTyped/DefinitelyTyped/express-serve-static-core/express-serve-static-core.d.ts#310c247694d7f31bd2e3198f71c55221f7c3a3c7"
  }
}
